Date,AAPL,AGG,EFA,IAU,IEF,IWM,NVDA,QQQ,SMH,SPY,VGT,VIG,VTI,VWO
2006-06-01,1.7175865173339844,53.256011962890625,37.018741607666016,12.246000289916992,48.697017669677734,55.23834228515625,0.32534128427505493,33.2491340637207,14.016532897949219,88.47370910644531,39.30467224121094,33.29723358154297,44.27083206176758,19.054738998413086
2006-07-01,2.0381922721862793,53.99176788330078,37.318790435791016,12.652000427246094,49.50244903564453,53.74192810058594,0.33833080530166626,31.838369369506836,13.424525260925293,89.26275634765625,37.68928909301758,33.43916320800781,44.40999984741211,19.407493591308594
2006-08-01,2.0348918437957764,54.84114456176758,38.26985549926758,12.46399974822998,50.37357711791992,55.35387420654297,0.4448425769805908,33.35734939575195,14.5191011428833,91.21064758300781,40.54595184326172,34.1989860534668,45.43082809448242,19.695030212402344
2006-09-01,2.3087103366851807,55.4074821472168,38.35478591918945,11.904000282287598,50.988929748535156,55.53128433227539,0.4521777033805847,34.8848991394043,14.604280471801758,93.26335144042969,42.042293548583984,34.843475341796875,46.268638610839844,19.90254020690918
2006-10-01,2.4316742420196533,55.777061462402344,39.79274368286133,12.026000022888184,51.26258087158203,58.981929779052734,0.5328633785247803,36.56221008300781,14.480767250061035,96.62578582763672,43.7171745300293,35.91854476928711,48.09759521484375,20.913375854492188
2006-11-01,2.748978614807129,56.36549377441406,41.01555633544922,12.883999824523926,51.94015121459961,60.40560531616211,0.5652597546577454,37.81587219238281,14.715019226074219,98.54718780517578,45.23903274536133,36.21810531616211,49.21802520751953,22.44593048095703
2006-12-01,2.5444397926330566,55.836036682128906,41.451480865478516,12.649999618530273,51.13438415527344,60.37467575073242,0.5655653476715088,37.06023025512695,14.33170223236084,99.31157684326172,44.660911560058594,36.626583099365234,49.557350158691406,22.940975189208984
2007-01-01,2.5711326599121094,56.223934173583984,42.91654586791992,12.970000267028809,51.261966705322266,61.65652847290039,0.46837544441223145,37.88773727416992,14.408366203308105,101.36692810058594,45.4650764465332,37.372318267822266,50.73659133911133,23.364543914794922
2007-02-01,2.5375418663024902,56.91240310668945,42.864524841308594,13.295999526977539,52.117279052734375,61.25246047973633,0.47372451424598694,37.25156021118164,14.663904190063477,99.37833404541016,44.459293365478516,36.72254180908203,49.91241455078125,22.821537017822266
2007-03-01,2.786466598510742,56.80350875854492,44.10739517211914,13.166000366210938,52.07099914550781,61.73423385620117,0.4397997260093689,37.423484802246094,14.220967292785645,100.13287353515625,44.64680480957031,36.70201873779297,50.25700759887695,23.792917251586914
2007-04-01,2.9931070804595947,57.14003372192383,45.76069641113281,13.4399995803833,52.35626983642578,62.85719299316406,0.5026064515113831,39.537479400634766,15.592376708984375,104.98308563232422,46.880001068115234,38.45978546142578,52.50191116333008,24.69793128967285
2007-05-01,3.6346144676208496,56.62034225463867,46.84170150756836,13.118000030517578,51.632102966308594,65.60533142089844,0.5293483138084412,40.78487014770508,15.63497257232666,108.54412078857422,48.831912994384766,39.41372299194336,54.45699691772461,26.342044830322266
2007-06-01,3.6601083278656006,56.37791061401367,46.69139862060547,12.881999969482422,51.37771224975586,64.53875732421875,0.6312757730484009,40.94832992553711,16.2056827545166,106.4981460571289,49.113197326660156,38.651939392089844,53.29393768310547,27.539690017700195
2007-07-01,3.9516210556030273,56.98493957519531,45.62195587158203,13.182000160217285,52.54576110839844,60.13776397705078,0.6992782354354858,40.92006301879883,16.086429595947266,103.6082763671875,48.473907470703125,37.804832458496094,51.60612106323242,28.5080509185791
2007-08-01,4.1531596183776855,57.70975875854492,45.33292007446289,13.32800006866455,53.732810974121094,61.416961669921875,0.7817980051040649,42.073707580566406,16.13753890991211,104.93782806396484,49.87179946899414,38.67247009277344,52.36534881591797,28.505037307739258
2007-09-01,4.602724552154541,58.07828140258789,47.74351119995117,14.72599983215332,53.776424407958984,62.43097686767578,0.8306983113288879,44.26049041748047,16.31216049194336,108.48575592041016,51.653236389160156,39.84999465942383,54.14884567260742,31.307573318481445
2007-10-01,5.696798801422119,58.673030853271484,49.7725715637207,15.720000267028809,54.370548248291016,64.36560821533203,0.810985267162323,47.40168380737305,14.744830131530762,110.47920989990234,55.147911071777344,39.86822509765625,55.35436248779297,35.38016891479492
2007-11-01,5.464968204498291,59.73088455200195,47.968971252441406,15.498000144958496,56.581417083740234,59.93223190307617,0.7229640483856201,44.19735336303711,13.76524829864502,106.20005798339844,50.74973678588867,39.05951690673828,52.85116195678711,32.36343002319336
2007-12-01,5.9406256675720215,59.491390228271484,45.3791618347168,16.489999771118164,56.4114990234375,59.34584045410156,0.7798110842704773,44.11982727050781,13.824872970581055,104.44984436035156,51.24409484863281,38.67243576049805,52.20377731323242,31.464448928833008
2008-01-01,4.059587001800537,61.36106872558594,42.88689422607422,18.299999237060547,58.716182708740234,55.65446472167969,0.5636552572250366,38.914554595947266,11.989225387573242,98.65553283691406,44.612911224365234,36.81839370727539,49.24793243408203,29.165176391601562
2008-02-01,3.7494802474975586,61.01724624633789,42.44818115234375,19.27199935913086,59.2581672668457,54.02262878417969,0.49030452966690063,37.03477478027344,12.159586906433105,96.10601043701172,43.2964973449707,36.24876403808594,48.01851272583008,30.0042724609375
2008-03-01,4.303714275360107,61.114105224609375,42.62605667114258,18.134000778198242,60.053043365478516,53.57545471191406,0.4536292552947998,37.698734283447266,12.231988906860352,94.77740478515625,43.45891189575195,36.832298278808594,47.367679595947266,28.900854110717773
2008-04-01,5.216942310333252,61.294525146484375,44.944095611572266,17.29800033569336,58.58324432373047,56.10678482055664,0.47104981541633606,40.739898681640625,13.019915580749512,99.7862777709961,46.57898712158203,37.932071685791016,49.913875579833984,31.33820152282715
2008-05-01,5.66080904006958,60.57151794433594,45.4776611328125,17.493999481201172,57.55651092529297,58.6763916015625,0.5661766529083252,43.156158447265625,13.905799865722656,101.29470825195312,49.54520034790039,38.05762481689453,50.92014694213867,31.897581100463867
2008-06-01,5.021700382232666,60.41551971435547,40.711124420166016,18.246000289916992,58.19411087036133,54.26012420654297,0.4291023015975952,38.9794807434082,12.628082275390625,92.36691284179688,45.10016632080078,34.87685775756836,46.564491271972656,28.76869010925293
2008-07-01,4.767078876495361,60.658260345458984,40.10434341430664,18.02400016784668,58.62507629394531,56.04391098022461,0.26222938299179077,39.257083892822266,11.887006759643555,91.9947738647461,44.510345458984375,35.43861389160156,46.49303436279297,27.410167694091797
2008-08-01,5.084382057189941,61.097373962402344,38.40085220336914,16.393999099731445,59.512752532958984,58.26446533203125,0.28973588347435,39.82704162597656,12.138291358947754,93.41644287109375,45.681434631347656,36.175010681152344,47.171939849853516,25.24021339416504
2008-09-01,3.408782720565796,60.02779006958008,34.00925827026367,17.0939998626709,59.43758010864258,53.634525299072266,0.24549600481987,33.600833892822266,10.519851684570312,84.132080078125,39.66351318359375,33.55902099609375,42.60219192504883,21.3060359954834
2008-10-01,3.2267377376556396,58.65595626831055,26.923486709594727,14.315999984741211,58.917152404785156,42.48469161987305,0.200797900557518,28.421398162841797,8.837525367736816,70.6411361694336,32.54289627075195,28.984786987304688,35.33002471923828,15.49697494506836
2008-11-01,2.7792704105377197,60.416893005371094,25.207929611206055,16.06800079345703,63.471923828125,37.418148040771484,0.1712283492088318,25.163604736328125,7.082799434661865,65.72404479980469,28.75604248046875,28.244304656982422,32.498355865478516,14.156898498535156
2008-12-01,2.55973482131958,64.21321105957031,27.098665237426758,17.332000732421875,66.51910400390625,38.91993713378906,0.18498168885707855,25.699365615844727,7.500187397003174,65.8334732055664,29.10652732849121,28.307764053344727,32.82114028930664,14.48884105682373
2009-01-01,2.7030935287475586,63.42632293701172,23.675039291381836,18.27199935913086,64.3846206665039,35.42532730102539,0.18223100900650024,25.148210525512695,7.2063117027282715,60.91814041137695,28.391998291015625,26.3211669921875,30.411155700683594,13.882474899291992
2009-02-01,2.678499698638916,62.53203201293945,21.215776443481445,18.531999588012695,63.73198318481445,31.18035125732422,0.18979528546333313,23.824169158935547,7.014655113220215,54.372554779052734,27.244239807128906,23.55276107788086,27.21036720275879,13.552709579467773
2009-03-01,3.152658700942993,63.24309539794922,22.995988845825195,18.077999114990234,65.8545913696289,33.4900016784668,0.22601225972175598,26.238609313964844,7.9644246101379395,58.4837646484375,30.40273666381836,25.015047073364258,29.25798988342285,15.233864784240723
2009-04-01,3.773772954940796,63.5554313659668,25.6448974609375,17.468000411987305,64.03311920166016,38.76891326904297,0.26314616203308105,29.714601516723633,8.718274116516113,64.75408935546875,34.33792495727539,27.049062728881836,32.69916915893555,17.89139747619629
2009-05-01,4.073083400726318,64.02075958251953,29.027929306030273,19.256000518798828,62.69469451904297,40.087345123291016,0.23907782137393951,30.668109893798828,8.986593246459961,68.5391845703125,35.2267951965332,28.38684844970703,34.485626220703125,21.092058181762695
2009-06-01,4.271624565124512,64.30418395996094,28.024635314941406,18.25,62.346351623535156,40.81446838378906,0.2587909400463104,31.53493309020996,9.135660171508789,68.10955047607422,36.745635986328125,28.358238220214844,34.440948486328125,20.574771881103516
2009-07-01,4.900236129760742,65.09874725341797,31.493989944458008,18.700000762939453,62.87716293334961,44.402103424072266,0.29638323187828064,34.23813247680664,10.62632942199707,73.60437774658203,40.145782470703125,30.398651123046875,37.2902946472168,22.81846809387207
2009-08-01,5.044794082641602,65.9002914428711,32.912174224853516,18.690000534057617,63.3497200012207,45.86455535888672,0.33282944560050964,34.741493225097656,10.83928108215332,76.32328033447266,41.155460357666016,31.1326904296875,38.6742057800293,22.656822204589844
2009-09-01,5.558841228485107,66.68651580810547,34.16169738769531,19.785999298095703,64.0678482055664,48.3021240234375,0.3445196747779846,36.66819763183594,10.911684036254883,78.65483856201172,43.0626335144043,31.945919036865234,40.0880241394043,24.9134521484375
2009-10-01,5.653312683105469,66.82991790771484,33.29952621459961,20.534000396728516,63.98378372192383,45.27332305908203,0.27414870262145996,35.58301544189453,10.302641868591309,77.51012420654297,42.5534782409668,31.974685668945312,39.213172912597656,24.312108993530273
2009-11-01,5.995510578155518,67.70098876953125,34.60526657104492,23.148000717163086,64.9057846069336,46.68785095214844,0.2993631362915039,37.841712951660156,10.843539237976074,82.28529357910156,44.77996826171875,33.826602935791016,41.445133209228516,26.05792999267578
2009-12-01,6.320013999938965,66.21685028076172,34.53655242919922,21.474000930786133,62.31675338745117,50.18399429321289,0.4281855821609497,39.74423599243164,11.891266822814941,83.407958984375,47.351646423339844,33.89894104003906,42.36195755004883,26.51055145263672
2010-01-01,5.760079860687256,67.57608032226562,33.085609436035156,21.20400047302246,64.05496978759766,48.50749206542969,0.35277166962623596,37.23483657836914,10.545408248901367,80.8094253540039,43.67804718017578,33.28797912597656,41.11162567138672,25.0615291595459
2010-02-01,6.1367669105529785,67.49858856201172,33.17387008666992,21.892000198364258,64.05496978759766,50.678253173828125,0.37133869528770447,38.949066162109375,11.235372543334961,83.33028411865234,45.64606475830078,34.09510040283203,42.52587890625,25.53339385986328
2010-03-01,7.047894477844238,67.49646759033203,35.292152404785156,21.805999755859375,63.41727066040039,54.71315002441406,0.39884519577026367,41.90766525268555,11.86997127532959,88.04078674316406,48.70649337768555,35.50574493408203,45.066993713378906,27.624042510986328
2010-04-01,7.830361843109131,68.15400695800781,34.30235290527344,23.083999633789062,64.45513153076172,57.964046478271484,0.3601067364215851,42.89319610595703,12.34698486328125,89.77099609375,49.781524658203125,36.44441604614258,46.2327995300293,27.56507110595703
2010-05-01,7.704101085662842,68.8990249633789,30.462968826293945,23.777999877929688,66.33506774902344,53.59549331665039,0.3011968731880188,39.72237777709961,11.678314208984375,82.6382827758789,45.802127838134766,33.80732345581055,42.588233947753906,25.035322189331055
2010-06-01,7.543647766113281,70.11133575439453,29.32185935974121,24.34000015258789,68.3719711303711,49.44538879394531,0.23403503000736237,37.20487594604492,11.03945541381836,77.99141693115234,42.880435943603516,32.16373062133789,39.90797424316406,24.897687911987305
2010-07-01,7.715195178985596,70.72029876708984,33.29878616333008,23.1200008392334,69.00778198242188,52.60042953491211,0.21065445244312286,40.05956268310547,11.66553783416748,83.71470642089844,45.96683883666992,34.40237808227539,42.91615676879883,27.440532684326172
2010-08-01,7.2908244132995605,71.64483642578125,32.03507995605469,24.440000534057617,71.32117462158203,48.845115661621094,0.2138635367155075,38.004539489746094,10.336712837219238,79.94916534423828,42.785057067871094,33.219886779785156,40.894325256347656,26.739294052124023
2010-09-01,8.509957313537598,71.64938354492188,35.2296028137207,25.600000381469727,71.32898712158203,54.78640365600586,0.26773056387901306,42.91032791137695,11.801826477050781,86.6451187133789,48.20362854003906,35.783164978027344,44.533634185791016,29.793325424194336
2010-10-01,9.026702880859375,71.7797622680664,36.57029342651367,26.559999465942383,71.33356475830078,57.202388763427734,0.2755240201950073,45.736793518066406,12.568456649780273,90.43670654296875,51.290069580078125,37.00172805786133,46.56667709350586,30.717409133911133
2010-11-01,9.331713676452637,71.17308807373047,34.80623245239258,27.1200008392334,70.69103240966797,59.1959114074707,0.31197023391723633,45.65791320800781,13.228607177734375,90.43670654296875,50.80455017089844,37.11252212524414,46.8044319152832,29.845760345458984
2010-12-01,9.67391300201416,70.27798461914062,37.346473693847656,27.799999237060547,68.08039093017578,63.6630744934082,0.3530009686946869,47.73524856567383,13.854690551757812,95.9778823852539,53.33611297607422,38.87028121948242,49.79535675048828,31.55628776550293
2011-01-01,10.17656135559082,70.81224060058594,38.48792266845703,26.020000457763672,68.41393280029297,63.71430206298828,0.5482974052429199,49.182430267333984,14.655387878417969,98.73065948486328,55.75932312011719,39.65349578857422,51.08717346191406,30.998233795166016
2011-02-01,10.59313678741455,70.80562591552734,39.85416030883789,27.579999923706055,68.10028839111328,67.2453384399414,0.5194156169891357,50.7369384765625,15.238882064819336,102.16032409667969,57.11972427368164,41.0055046081543,52.976139068603516,30.944894790649414
2011-03-01,10.452178001403809,70.66847229003906,38.90233612060547,28.040000915527344,68.00809478759766,68.79838562011719,0.42314261198043823,50.43832015991211,14.732051849365234,101.73067474365234,56.012229919433594,41.23576354980469,52.976139068603516,32.63850021362305
2011-04-01,10.500763893127441,71.75605010986328,41.09091567993164,30.540000915527344,69.23577880859375,70.76036834716797,0.458442747592926,51.960670471191406,15.626453399658203,105.13167572021484,57.7214469909668,42.88887023925781,54.738616943359375,33.738670349121094
2011-05-01,10.431785583496094,72.64634704589844,40.184391021728516,29.979999542236328,70.97880554199219,69.49078369140625,0.4593595862388611,51.32743835449219,15.285726547241211,103.9526596069336,56.674991607666016,42.343868255615234,54.157920837402344,32.74517059326172
2011-06-01,10.067091941833496,72.32695770263672,38.94118118286133,29.280000686645508,70.62251281738281,67.81983947753906,0.36537888646125793,50.175289154052734,14.514842987060547,101.6948471069336,55.24482727050781,41.79889678955078,52.95784378051758,32.4184455871582
2011-07-01,11.71090030670166,73.55149841308594,38.753936767578125,31.739999771118164,72.86941528320312,65.31346893310547,0.3170132339000702,51.125205993652344,13.654512405395508,100.15459442138672,55.166324615478516,40.5599250793457,51.97813034057617,32.21841812133789
2011-08-01,11.541450500488281,74.67554473876953,35.36106491088867,35.63999938964844,76.25862121582031,59.685062408447266,0.3050937354564667,48.53368377685547,12.419388771057129,94.64852142333984,51.62578582763672,39.26170349121094,48.81356430053711,29.291282653808594
2011-09-01,11.436185836791992,75.30038452148438,31.539148330688477,31.65999984741211,77.97935485839844,52.82518005371094,0.28675591945648193,46.268314361572266,12.112736701965332,87.62459564208984,49.497962951660156,36.590232849121094,44.879241943359375,23.890439987182617
2011-10-01,12.139774322509766,75.40544128417969,34.5755615234375,33.540000915527344,76.99275207519531,61.03807830810547,0.3392476737499237,51.175872802734375,13.51822280883789,97.69141387939453,55.576202392578125,40.339271545410156,50.245094299316406,27.691043853759766
2011-11-01,11.462573051452637,75.10935974121094,33.82305145263672,34.119998931884766,77.43828582763672,60.80717849731445,0.3582729399204254,49.79823684692383,13.062504768371582,97.29444122314453,54.46869659423828,41.094120025634766,50.05747985839844,27.217628479003906
2011-12-01,12.146371841430664,75.90480041503906,32.694297790527344,30.459999084472656,78.84220123291016,60.823665618896484,0.3177008330821991,49.303688049316406,12.960287094116211,97.69141387939453,53.51814270019531,41.25263214111328,50.2607307434082,25.477357864379883
2012-01-01,13.690309524536133,76.8813247680664,34.83098602294922,33.959999084472656,79.81948852539062,65.48785400390625,0.3385598957538605,53.65882873535156,14.276336669921875,102.87010192871094,58.21149826049805,42.58456039428711,53.10930252075195,28.89767837524414
2012-02-01,16.268341064453125,76.68054962158203,36.5144157409668,32.959999084472656,78.80000305175781,67.1702651977539,0.3472703993320465,57.0984001159668,14.693721771240234,107.33521270751953,62.27214050292969,43.76176452636719,55.349708557128906,30.46782684326172
2012-03-01,17.981130599975586,76.2393569946289,36.66805648803711,32.540000915527344,77.55982208251953,68.62883758544922,0.3530009686946869,59.8819580078125,15.247395515441895,110.3041000366211,65.19895935058594,44.46809387207031,56.80400466918945,29.675922393798828
2012-04-01,17.51417350769043,76.95230865478516,35.90650939941406,32.459999084472656,79.49819946289062,67.72530364990234,0.29798778891563416,59.2820930480957,14.732051849365234,110.04794311523438,63.89813995361328,44.5245246887207,56.68450164794922,29.054685592651367
2012-05-01,17.32672119140625,77.79237365722656,31.90502166748047,30.420000076293945,81.78968811035156,63.26959991455078,0.28492218255996704,55.10854721069336,13.232866287231445,103.43895721435547,58.66852951049805,42.5787353515625,53.155540466308594,25.955333709716797
2012-06-01,17.514768600463867,77.77274322509766,33.37467956542969,31.1200008392334,81.45195770263672,66.1375503540039,0.3167838752269745,56.97333526611328,13.72691535949707,107.0817642211914,60.4088134765625,43.257850646972656,55.02659606933594,27.25925064086914
2012-07-01,18.31732940673828,78.8423843383789,34.179534912109375,31.440000534057617,82.60088348388672,65.4552001953125,0.3103656768798828,57.67388916015625,13.731176376342773,108.90988159179688,60.7252197265625,44.35647201538086,55.789772033691406,27.313867568969727
2012-08-01,19.951244354248047,78.8463134765625,35.273277282714844,32.959999084472656,82.50398254394531,67.76929473876953,0.32159745693206787,60.664405822753906,14.042086601257324,111.63834381103516,63.83661651611328,45.200626373291016,57.29741668701172,27.38212776184082
2012-09-01,20.09292984008789,79.05692291259766,36.23030090332031,34.540000915527344,82.22470092773438,69.70746612548828,0.3057813346385956,61.02933120727539,13.475632667541504,113.86074829101562,64.51339721679688,45.79920959472656,58.43999099731445,28.481231689453125
2012-10-01,17.930927276611328,79.0281753540039,36.62678146362305,33.52000045776367,81.90606689453125,68.46116638183594,0.27460718154907227,57.97224044799805,13.241386413574219,112.38538360595703,60.3209114074707,45.4664421081543,57.66440963745117,28.677228927612305
2012-11-01,17.62852668762207,79.21622467041016,37.64533615112305,33.36000061035156,82.70440673828125,68.83860778808594,0.27437806129455566,58.73092269897461,13.645995140075684,113.02143096923828,61.27894592285156,46.12223434448242,58.110939025878906,29.043560028076172
2012-12-01,16.102073669433594,78.56072998046875,38.868961334228516,32.560001373291016,81.81854248046875,70.71722412109375,0.2828384041786194,58.13291549682617,13.76950740814209,113.22817993164062,60.74281692504883,45.96022415161133,58.42986297607422,30.778419494628906
2013-01-01,13.78193473815918,78.70156860351562,40.75972366333008,32.400001525878906,80.97602844238281,75.77944946289062,0.2828384041786194,60.01840591430664,14.925622940063477,119.86853790283203,62.82875442504883,49.087650299072266,62.05109405517578,31.117046356201172
2013-02-01,13.355610847473145,79.01527404785156,40.23450469970703,30.739999771118164,81.78508758544922,76.54070281982422,0.2920665740966797,60.224853515625,15.282448768615723,121.39787292480469,63.15784454345703,49.655548095703125,62.846317291259766,30.383800506591797
2013-03-01,13.471790313720703,79.09515380859375,40.75972366333008,31.040000915527344,82.0306396484375,79.8822250366211,0.29780420660972595,61.90326690673828,15.460857391357422,125.44960021972656,64.83885955810547,51.11027526855469,65.03115844726562,29.95783233642578
2013-04-01,13.475443840026855,79.82425689697266,42.80531311035156,28.700000762939453,83.26808166503906,79.8268814086914,0.3196231722831726,63.6208381652832,16.122283935546875,128.42848205566406,65.18573760986328,52.19761276245117,66.37677764892578,30.600387573242188
2013-05-01,13.686959266662598,78.26904296875,41.51300048828125,26.920000076293945,80.69149017333984,82.96566772460938,0.335871160030365,65.89684295654297,16.661869049072266,131.4606170654297,67.95181274414062,52.799278259277344,67.99871063232422,29.047983169555664
2013-06-01,12.147762298583984,77.04562377929688,39.59871292114258,23.979999542236328,78.62848663330078,82.28700256347656,0.327545702457428,64.11563873291016,16.40077781677246,129.02362060546875,65.7994155883789,51.728755950927734,66.70761108398438,27.12497329711914
2013-07-01,13.863333702087402,77.24836730957031,42.55181121826172,25.719999313354492,78.3505630493164,87.93682098388672,0.33687737584114075,68.37955474853516,16.779361724853516,136.4091339111328,69.38379669189453,54.811397552490234,70.87262725830078,27.68387222290039
2013-08-01,14.926066398620605,76.60507202148438,41.71980667114258,27.059999465942383,77.23395538330078,85.52738952636719,0.34410956501960754,68.10877990722656,16.161447525024414,132.31790161132812,69.08140563964844,52.855533599853516,68.72422790527344,26.73415184020996
2013-09-01,14.701753616333008,77.46717071533203,44.98434829711914,25.780000686645508,78.65029907226562,90.83556365966797,0.3648366630077362,71.18622589111328,17.353759765625,135.84312438964844,71.77633666992188,54.6778564453125,71.05908203125,28.442241668701172
2013-10-01,16.118730545043945,78.1186294555664,46.4509162902832,25.700000762939453,79.26244354248047,93.28145599365234,0.35616129636764526,74.93917846679688,17.91510009765625,142.82635498046875,74.40013122558594,57.243595123291016,74.44922637939453,29.922548294067383
2013-11-01,17.14777374267578,77.9244613647461,46.70475769042969,24.260000228881836,78.56245422363281,96.9720687866211,0.36577466130256653,77.60039520263672,17.919450759887695,147.0594024658203,77.0506362915039,58.56990432739258,76.46138000488281,29.643835067749023
2013-12-01,17.401430130004883,77.32808685302734,47.31113052368164,23.360000610351562,76.79002380371094,98.5525131225586,0.3776566982269287,79.618896484375,18.463390350341797,150.0574951171875,79.63885498046875,59.39883804321289,78.13951873779297,29.40085792541504
2014-01-01,15.52734375,78.823486328125,45.239051818847656,24.139999389648438,79.4007339477539,96.1877212524414,0.37011292576789856,78.33722686767578,18.200334548950195,145.55419921875,78.61815643310547,56.72721481323242,76.06192779541016,27.066261291503906
2014-02-01,16.322647094726562,78.96930694580078,48.01271438598633,25.700000762939453,79.54816436767578,100.78437805175781,0.433291494846344,82.032958984375,19.296688079833984,152.1792449951172,82.43937683105469,59.505252838134766,79.76347351074219,27.942840576171875
2014-03-01,16.74797821044922,78.85709381103516,47.792240142822266,24.8799991607666,79.10910034179688,99.77243041992188,0.4241180419921875,79.93892669677734,20.163158416748047,152.767333984375,82.29550170898438,59.711585998535156,79.82079315185547,29.157123565673828
2014-04-01,18.412662506103516,79.5008316040039,48.588775634765625,25.0,79.68920135498047,96.28128051757812,0.4373791515827179,79.86589050292969,19.747602462768555,154.50830078125,81.57623291015625,60.5813102722168,80.2190933227539,29.495216369628906
2014-05-01,19.7515926361084,80.44434356689453,49.363983154296875,24.260000228881836,81.14151000976562,97.0379409790039,0.449929803609848,83.44831085205078,20.485877990722656,158.0938262939453,84.38146209716797,61.55396270751953,81.90520477294922,30.410186767578125
2014-06-01,20.411333084106445,80.39289855957031,48.62434387207031,25.760000228881836,80.98294067382812,102.1537857055664,0.44105884432792664,85.82450103759766,21.878419876098633,160.588134765625,87.02483367919922,62.143917083740234,83.70651245117188,31.073007583618164
2014-07-01,20.997777938842773,80.19891357421875,48.52146911621094,24.84000015258789,80.79053497314453,95.60205078125,0.4163176119327545,87.07225799560547,21.555702209472656,159.18942260742188,87.47439575195312,60.40026092529297,82.37553405761719,31.804311752319336
2014-08-01,22.513307571411133,81.1172866821289,48.60892868041992,24.920000076293945,82.3058090209961,100.60397338867188,0.4627074599266052,91.43414306640625,22.84657096862793,165.4716033935547,91.19669342041016,62.60404968261719,85.7947998046875,33.026432037353516
2014-09-01,22.239002227783203,80.62361145019531,46.7216911315918,23.399999618530273,81.4562759399414,94.38095092773438,0.440859317779541,90.52693939208984,22.58574104309082,162.42945861816406,89.98289489746094,61.66643524169922,83.6144027709961,30.342121124267578
2014-10-01,23.83932876586914,81.48484802246094,46.59782028198242,22.700000762939453,82.69944763183594,100.88036346435547,0.46690472960472107,93.13968658447266,22.731626510620117,167.031982421875,91.70018768310547,63.61654281616211,86.30247497558594,31.343461990356445
2014-11-01,26.2519588470459,82.01924133300781,46.62696838378906,22.579999923706055,83.7735824584961,100.99288177490234,0.5010743737220764,97.37415313720703,24.55740737915039,171.6206512451172,96.27668762207031,65.66218566894531,88.44303894042969,30.99796485900879
2014-12-01,24.470325469970703,81.79855346679688,44.331695556640625,22.8799991607666,83.76020812988281,103.52875518798828,0.48111864924430847,94.83897399902344,24.146276473999023,170.2456512451172,93.93900299072266,65.36418914794922,87.94523620605469,29.417570114135742
2015-01-01,25.9733943939209,83.97260284423828,45.044857025146484,24.860000610351562,87.64196014404297,100.50921630859375,0.4607219696044922,93.21013641357422,23.58123016357422,166.11317443847656,90.63926696777344,63.52153778076172,85.99040222167969,29.488107681274414
2015-02-01,28.478517532348633,83.0907974243164,47.89970397949219,23.420000076293945,85.33500671386719,106.48590087890625,0.529350757598877,99.94046020507812,25.477386474609375,175.4495391845703,98.19176483154297,67.0694351196289,90.927978515625,30.861358642578125
2015-03-01,27.693965911865234,83.39329528808594,47.21542739868164,22.899999618530273,86.07128143310547,108.04088592529297,0.5041689872741699,97.35897827148438,24.73055076599121,171.92652893066406,95.7731704711914,65.18205261230469,89.45172119140625,30.17473793029785
2015-04-01,27.854209899902344,83.1057357788086,48.93716812133789,22.8799991607666,85.52336883544922,105.59105682373047,0.5347610116004944,99.45879364013672,24.80210304260254,174.39224243164062,97.00495910644531,65.40951538085938,90.42364501953125,32.46804428100586
2015-05-01,28.9959716796875,82.74512481689453,49.03282165527344,23.020000457763672,85.17578125,107.95243835449219,0.5330749154090881,101.69507598876953,26.747455596923828,176.63427734375,99.42359161376953,66.0367431640625,91.59676361083984,31.314271926879883
2015-06-01,28.033145904541016,81.85324096679688,46.7150993347168,22.68000030517578,83.78123474121094,108.79766082763672,0.4866587519645691,98.94126892089844,24.404088973999023,172.2088165283203,95.51244354248047,64.00847625732422,89.6778564453125,30.234466552734375
2015-07-01,27.1101016998291,82.54940032958984,48.46905517578125,21.15999984741211,85.05653381347656,107.14207458496094,0.482786625623703,103.6886978149414,23.321849822998047,176.9553985595703,97.67926025390625,65.75459289550781,91.59425354003906,28.6038875579834
2015-08-01,25.201452255249023,82.2754898071289,44.87016296386719,21.959999084472656,85.12395477294922,100.80615234375,0.5440124273300171,96.61250305175781,22.159109115600586,166.1699676513672,92.0149154663086,61.89682388305664,86.01480102539062,25.782310485839844
2015-09-01,24.763229370117188,82.93537139892578,42.88740921020508,21.559999465942383,86.4656753540039,95.55586242675781,0.599035918712616,94.25070190429688,22.30668830871582,161.09246826171875,89.91097259521484,60.39791488647461,83.07779693603516,24.699951171875
2015-10-01,26.828699111938477,83.00616455078125,45.723121643066406,22.040000915527344,85.91918182373047,101.21830749511719,0.689437985420227,105.22225189208984,24.243093490600586,175.7037353515625,100.2839126586914,64.85491180419922,90.10655975341797,26.36357879638672
2015-11-01,26.55927848815918,82.67550659179688,45.37895584106445,20.559999465942383,85.55154418945312,104.51795196533203,0.7708485722541809,105.86288452148438,24.954153060913086,176.3459014892578,101.47323608398438,65.0279312133789,90.64791107177734,25.758214950561523
2015-12-01,23.732858657836914,82.22911071777344,43.934898376464844,20.459999084472656,85.02977752685547,98.83133697509766,0.804024338722229,103.85742950439453,23.827190399169922,172.27293395996094,98.3138198852539,64.0721206665039,88.22035217285156,24.751798629760742
2016-01-01,21.947141647338867,83.70513916015625,41.875274658203125,21.559999465942383,88.1373062133789,90.7462158203125,0.7144985198974609,96.97570037841797,22.717466354370117,164.67025756835938,92.88372802734375,62.987918853759766,83.64463806152344,23.44339370727539
2016-02-01,21.800596237182617,84.27154541015625,40.47893524169922,23.979999542236328,89.31665802001953,90.54349517822266,0.7649937272071838,95.45767974853516,23.041872024536133,164.53428649902344,91.98160552978516,63.70084762573242,83.63614654541016,23.367351531982422
2016-03-01,24.707202911376953,85.01536560058594,43.143306732177734,23.760000228881836,89.26089477539062,97.5063247680664,0.8723224997520447,101.69737243652344,25.1664981842041,174.7008056640625,99.80925750732422,67.35678100585938,89.16536712646484,26.2949275970459
2016-04-01,21.250141143798828,85.232421875,44.10188293457031,24.959999084472656,89.11241912841797,99.4345703125,0.8698740601539612,98.74850463867188,23.969398498535156,176.29391479492188,95.5036849975586,67.47415924072266,90.1722640991211,26.606447219848633
2016-05-01,22.63750457763672,85.25715637207031,44.064144134521484,23.440000534057617,89.02922821044922,101.66231536865234,1.1438368558883667,103.0638656616211,25.99806785583496,179.29290771484375,100.6076889038086,68.11571502685547,91.73622131347656,25.7457218170166
2016-06-01,21.803741455078125,86.8965072631836,42.131893157958984,25.520000457763672,91.77609252929688,101.6446304321289,1.1539255380630493,100.44852447509766,26.048328399658203,178.9853515625,97.95506286621094,69.35723114013672,91.58240509033203,26.834949493408203
2016-07-01,23.76744270324707,87.37718200683594,44.70810317993164,26.040000915527344,92.0102767944336,107.02831268310547,1.4015988111495972,107.91807556152344,29.013662338256836,186.4779815673828,105.71571350097656,71.33393859863281,95.6439208984375,28.40119171142578
2016-08-01,24.198505401611328,87.19346618652344,44.94690704345703,25.200000762939453,91.079833984375,109.53610229492188,1.5056753158569336,109.0512924194336,30.251882553100586,186.70127868652344,108.18421173095703,71.3423080444336,95.84134674072266,28.623563766479492
2016-09-01,25.92328453063965,87.23707580566406,45.5477409362793,25.3799991607666,91.29703521728516,110.40721130371094,1.6850179433822632,111.18661499023438,31.741409301757812,185.77366638183594,110.46002960205078,70.31188201904297,95.566650390625,28.85359764099121
2016-10-01,26.03564453125,86.52786254882812,44.53865051269531,24.639999389648438,89.93658447265625,105.6228256225586,1.7499396800994873,109.84093475341797,31.193113327026367,183.4750518798828,110.2375259399414,69.27886962890625,93.92745208740234,29.29509735107422
2016-11-01,25.34312629699707,84.30108642578125,43.745243072509766,22.579999923706055,86.12967681884766,117.30824279785156,2.2673473358154297,110.31974792480469,32.4678840637207,190.23399353027344,110.81763458251953,71.34097290039062,98.14552307128906,28.107772827148438
2016-12-01,26.6948184967041,84.3200454711914,44.46931457519531,22.15999984741211,85.88983917236328,120.19612884521484,2.6288394927978516,111.23987579345703,32.73289489746094,192.95306396484375,111.87655639648438,71.69449615478516,99.47388458251953,27.766321182250977
2017-01-01,27.969406127929688,84.85535430908203,46.40780258178711,23.34000015258789,86.33721160888672,121.03199005126953,2.6889328956604004,117.3035888671875,34.28622817993164,197.56356811523438,117.11104583740234,73.4463119506836,101.95280456542969,29.506593704223633
2017-02-01,31.574199676513672,85.23147583007812,46.960365295410156,24.079999923706055,86.830322265625,123.36792755126953,2.499293565750122,122.43567657470703,35.18436813354492,205.32611083984375,122.89547729492188,76.623779296875,105.71985626220703,30.169389724731445
2017-03-01,33.25509262084961,85.18353271484375,48.47797775268555,24.020000457763672,86.91255187988281,123.04573059082031,2.686161994934082,124.6579818725586,36.71352767944336,204.6922607421875,125.3256607055664,76.20864868164062,105.30317687988281,30.97257423400879
2017-04-01,33.252784729003906,85.95410919189453,49.65315246582031,24.420000076293945,87.86454010009766,124.81825256347656,2.571988105773926,128.32374572753906,36.70891571044922,207.62342834472656,128.60198974609375,77.88810729980469,106.9029769897461,31.51201629638672
2017-05-01,35.36161422729492,86.5324478149414,51.41202926635742,24.399999618530273,88.59137725830078,122.35887908935547,3.5596022605895996,133.3250274658203,39.60601806640625,210.5536346435547,134.27235412597656,79.114013671875,107.98411560058594,31.82448387145996
2017-06-01,33.476036071777344,86.52464294433594,50.74272918701172,23.8799991607666,88.13754272460938,126.4877700805664,3.568535089492798,129.88075256347656,37.70378875732422,210.86753845214844,130.49208068847656,78.8926773071289,108.50727081298828,31.894784927368164
2017-07-01,34.57082748413086,86.81717681884766,52.93241500854492,24.440000534057617,88.47118377685547,127.01736450195312,4.011638641357422,135.52381896972656,39.536930084228516,216.2511749267578,136.2738037109375,79.91340637207031,111.05669403076172,33.80875778198242
2017-08-01,38.12018966674805,87.6306381225586,52.908695220947266,25.440000534057617,89.75589752197266,125.96142578125,4.18271017074585,138.33404541015625,40.798946380615234,216.8821563720703,140.51087951660156,79.62234497070312,111.22310638427734,34.82278060913086
2017-09-01,35.96436309814453,87.131103515625,54.158260345458984,24.6200008392334,88.46627807617188,133.5787811279297,4.41691255569458,137.62440490722656,42.98214340209961,220.15960693359375,141.22630310058594,81.14613342285156,113.44792938232422,34.248958587646484
2017-10-01,39.445980072021484,87.21731567382812,55.067752838134766,24.420000076293945,88.29945373535156,134.87814331054688,5.109701633453369,144.27902221679688,46.8004150390625,226.4658203125,152.0967559814453,83.2271499633789,116.40898895263672,35.49335479736328
2017-11-01,40.101722717285156,87.08692932128906,55.447357177734375,24.5,88.04827880859375,138.8450927734375,4.958985805511475,147.12387084960938,46.17401885986328,233.38792419433594,153.75538635253906,86.95939636230469,119.93649291992188,35.37406539916992
2017-12-01,39.632293701171875,87.46874237060547,55.60552978515625,25.020000457763672,88.07603454589844,137.76980590820312,4.7841715812683105,147.70225524902344,45.05017852783203,235.01719665527344,153.49447631835938,87.7419662475586,120.73699951171875,36.51131820678711
2018-01-01,39.21074676513672,86.6968994140625,59.01662063598633,25.84000015258789,86.44774627685547,141.82940673828125,6.077254295349121,160.9725799560547,49.75716018676758,249.53155517578125,165.52392578125,92.6387710571289,127.6761245727539,39.825103759765625
2018-02-01,41.71426010131836,85.6302719116211,56.16328430175781,25.31999969482422,85.50209045410156,136.37796020507812,5.983302593231201,158.89158630371094,49.771175384521484,240.45851135253906,165.68283081054688,88.90384674072266,122.87601470947266,37.69161605834961
2018-03-01,39.452919006347656,86.20819854736328,55.69173812866211,25.459999084472656,86.49637603759766,137.72039794921875,5.729481220245361,152.16380310058594,48.71540069580078,232.93441772460938,159.75955200195312,87.36490631103516,119.97649383544922,37.539791107177734
2018-04-01,38.8603401184082,85.39138793945312,56.538936614990234,25.239999771118164,85.38030242919922,139.39303588867188,5.5639729499816895,153.1815948486328,45.38922119140625,235.0760498046875,160.05311584472656,86.9010238647461,121.00518798828125,36.57198715209961
2018-05-01,43.941864013671875,85.95669555664062,55.46794891357422,24.920000076293945,86.20652770996094,147.98464965820312,6.239119529724121,161.87147521972656,50.07483673095703,240.79049682617188,171.3343505859375,88.43746948242188,124.29811096191406,35.7153205871582
2018-06-01,43.69585037231445,86.03846740722656,53.5257682800293,24.040000915527344,86.3687515258789,148.89378356933594,5.86447286605835,163.37530517578125,47.96327209472656,241.09266662597656,169.8270721435547,88.2117919921875,124.644287109375,33.785850524902344
2018-07-01,44.91860580444336,86.02930450439453,56.146175384521484,23.479999542236328,85.9229736328125,150.80299377441406,6.061522960662842,168.3033447265625,49.46752166748047,251.14703369140625,174.75791931152344,92.8601303100586,129.3263702392578,35.35847854614258
2018-08-01,53.73284149169922,86.49950408935547,54.890872955322266,23.0,86.78453063964844,157.87318420410156,6.948247909545898,178.0323944091797,50.89236068725586,259.1636047363281,190.37872314453125,95.46139526367188,133.76535034179688,33.87580871582031
2018-09-01,53.473575592041016,85.97950744628906,55.420711517333984,22.860000610351562,85.73506927490234,153.7945098876953,6.960470676422119,177.21214294433594,49.729129791259766,259.5296630859375,190.15341186523438,96.631103515625,133.39096069335938,33.037776947021484
2018-10-01,51.84383010864258,85.40792846679688,50.91303634643555,23.34000015258789,85.4744873046875,137.25906372070312,5.221961975097656,162.27093505859375,43.660728454589844,242.68869018554688,174.59754943847656,90.89226531982422,124.09536743164062,30.860450744628906
2018-11-01,42.30226135253906,85.84976959228516,51.16573715209961,23.420000076293945,86.60017395019531,139.62860107421875,4.047932147979736,161.84097290039062,45.19768142700195,247.1903533935547,172.03591918945312,94.65387725830078,126.5940933227539,32.35211944580078
2018-12-01,37.496028900146484,87.59728240966797,47.913352966308594,24.579999923706055,88.84986877441406,122.50209045410156,3.309915542602539,147.4026336669922,40.773685455322266,224.1168975830078,157.11801147460938,85.88556671142578,114.30635070800781,31.056072235107422
2019-01-01,39.56409454345703,88.78355407714844,51.641666412353516,25.280000686645508,89.80231475830078,136.8280487060547,3.5640478134155273,161.14443969726562,45.98940658569336,243.47447204589844,170.28652954101562,91.83369445800781,124.79712677001953,34.29024124145508
2019-02-01,41.15910339355469,88.46134948730469,52.951663970947266,25.15999984741211,89.14302825927734,143.91455078125,3.824626922607422,165.96466064453125,49.198516845703125,251.3668670654297,182.7631072998047,96.04003143310547,129.23841857910156,34.1589241027832
2019-03-01,45.34624481201172,90.33908081054688,53.437767028808594,24.760000228881836,91.5270004272461,140.52732849121094,4.456487655639648,172.16470336914062,50.626914978027344,254.7945556640625,189.6346893310547,96.68375396728516,130.364501953125,34.88117218017578
2019-04-01,47.90540313720703,90.16632843017578,55.0031623840332,24.579999923706055,91.0403060913086,145.68798828125,4.492228984832764,181.96299743652344,55.350120544433594,266.37158203125,202.3196563720703,100.75376892089844,136.21389770507812,35.6979866027832
2019-05-01,41.79398727416992,91.8899917602539,52.23487854003906,25.020000457763672,93.81971740722656,134.24752807617188,3.3619723320007324,166.99627685546875,46.770259857177734,249.3847198486328,184.3544464111328,96.08464813232422,127.42826843261719,33.42008590698242
2019-06-01,47.43087387084961,92.90316009521484,54.1545524597168,27.0,94.96601867675781,143.12002563476562,4.0806660652160645,179.27496337890625,52.46001434326172,265.44757080078125,199.93060302734375,102.02958679199219,135.94215393066406,34.974327087402344
2019-07-01,51.05432891845703,93.08063507080078,54.245479583740234,27.040000915527344,95.02240753173828,144.6036834716797,4.192229270935059,183.8663330078125,55.75006866455078,270.77154541015625,207.62437438964844,104.7396240234375,138.37506103515625,34.577796936035156
2019-08-01,50.02383804321289,95.66390228271484,53.201812744140625,29.1200008392334,98.77527618408203,137.47323608398438,4.162165641784668,180.3737335205078,54.47880554199219,266.2379455566406,203.06967163085938,105.35346984863281,135.49317932128906,33.45170211791992
2019-09-01,53.87758255004883,95.08132934570312,54.88514709472656,28.200000762939453,97.61341094970703,139.78233337402344,4.329443454742432,181.66299438476562,56.721378326416016,270.1706848144531,204.96192932128906,106.38549041748047,137.27500915527344,33.335784912109375
2019-10-01,59.84099578857422,95.28411865234375,56.7452392578125,28.920000076293945,97.81117248535156,144.08311462402344,4.9997406005859375,190.0023193359375,60.701820373535156,277.4178771972656,213.47499084472656,106.90460205078125,140.80824279785156,35.089576721191406
2019-11-01,64.28890228271484,95.25452423095703,57.38491439819336,27.959999084472656,97.14168548583984,149.9409637451172,5.390726566314697,197.73434448242188,63.28245544433594,287.4599609375,225.41639709472656,109.52335357666016,146.1417694091797,35.265647888183594
2019-12-01,70.8516845703125,95.05181884765625,58.44540786743164,29.0,96.10975646972656,153.55577087402344,5.8566670417785645,204.9746551513672,67.32955169677734,294.3649597167969,233.7209930419922,111.41814422607422,149.42950439453125,37.28633499145508
2020-01-01,74.67838287353516,97.35775756835938,57.43556594848633,30.34000015258789,99.72454071044922,149.3374786376953,5.884791851043701,211.66050720214844,66.4843521118164,295.6927185058594,243.2896728515625,112.5960464477539,150.14794921875,35.669795989990234
2020-02-01,65.95610809326172,98.69097900390625,52.97553634643555,30.139999389648438,102.54029846191406,136.12757873535156,6.7220988273620605,198.83938598632812,63.77799606323242,272.28399658203125,225.55357360839844,103.20182037353516,138.13755798339844,34.404666900634766
2020-03-01,61.500545501708984,98.1772232055664,45.502445220947266,30.139999389648438,106.37325286865234,106.4795913696289,6.56498384475708,183.96022033691406,56.61101150512695,236.89059448242188,202.82113647460938,92.85558319091797,118.36821746826172,28.486591339111328
2020-04-01,71.05612182617188,99.85476684570312,48.14951705932617,32.220001220703125,106.66700744628906,121.69324493408203,7.279262542724609,211.9566650390625,64.6285629272461,268.5417175292969,232.5299530029297,102.51790618896484,134.57896423339844,30.768522262573242
2020-05-01,76.89441680908203,100.54078674316406,50.76254653930664,33.060001373291016,107.03058624267578,129.71524047851562,8.84180736541748,225.9476776123047,68.15647888183594,281.3363952636719,250.8153076171875,106.20891571044922,141.84124755859375,31.78080940246582
2020-06-01,88.46644592285156,101.22335815429688,51.8094596862793,33.97999954223633,107.08179473876953,133.7122039794922,9.46169376373291,239.73538208007812,73.84465026855469,285.0712890625,267.8034973144531,105.74869537353516,144.44351196289062,33.69480514526367
2020-07-01,103.0750503540039,102.5659408569336,53.56352615356445,37.720001220703125,108.00700378417969,138.08120727539062,10.5792818069458,257.79510498046875,80.33023071289062,303.1881103515625,284.4197082519531,111.59566497802734,153.4346466064453,36.74396896362305
2020-08-01,125.17224884033203,101.7369613647461,56.092803955078125,37.540000915527344,106.9689712524414,145.64300537109375,13.329811096191406,286.0101318359375,84.75220489501953,324.349609375,316.09149169921875,118.47228240966797,164.33595275878906,37.75205993652344
2020-09-01,112.54134368896484,101.64653778076172,54.9447021484375,35.97999954223633,107.3292236328125,140.358154296875,13.485286712646484,269.48272705078125,84.186767578125,310.96002197265625,300.0052185058594,116.72138214111328,157.87489318847656,36.940467834472656
2020-10-01,105.78751373291016,101.07257843017578,52.99379348754883,35.779998779296875,105.85523986816406,143.99716186523438,12.495855331420898,261.27716064453125,84.5492172241211,304.4204406738281,287.71209716796875,114.56852722167969,155.43222045898438,37.79232406616211
2020-11-01,115.68989562988281,102.29973602294922,60.55571746826172,33.900001525878906,106.21511840820312,170.26820373535156,13.36071491241455,290.6075439453125,100.81631469726562,337.5343017578125,323.7642517089844,126.06732177734375,173.778076171875,41.02724075317383
2020-12-01,129.16738891601562,102.26862335205078,62.981388092041016,36.2599983215332,105.89395904541016,184.41493225097656,13.015271186828613,304.3028259277344,105.55724334716797,348.5537109375,341.5874938964844,128.62767028808594,181.1685028076172,43.22697448730469
2021-01-01,128.45675659179688,101.79187774658203,63.09600067138672,35.099998474121094,104.8709716796875,193.95407104492188,12.954044342041016,305.651123046875,110.27803802490234,346.4723815917969,339.858154296875,125.46585083007812,181.29702758789062,44.851158142089844
2021-02-01,118.04084014892578,100.08245849609375,64.50802612304688,32.880001068115234,102.32523345947266,205.98414611816406,13.676802635192871,305.2430419921875,117.2564926147461,356.106201171875,344.8888244628906,127.44329071044922,186.9885711669922,45.55412292480469
2021-03-01,119.08489227294922,98.93414306640625,66.12920379638672,32.52000045776367,99.88932800292969,208.4656982421875,13.311558723449707,310.0917663574219,118.52175903320312,371.05792236328125,346.81396484375,134.64805603027344,193.1660614013672,45.17226791381836
2021-04-01,128.16122436523438,99.67195129394531,68.08161926269531,33.70000076293945,100.887939453125,212.59169006347656,14.973407745361328,328.83233642578125,118.25411224365234,391.9703674316406,365.3197326660156,140.57730102539062,203.57101440429688,46.038665771484375
2021-05-01,121.48316955566406,99.8751220703125,70.4524154663086,36.2599983215332,101.31359100341797,213.1683349609375,16.205440521240234,324.8823547363281,121.26641845703125,394.54400634765625,360.8033752441406,143.04872131347656,204.4993438720703,46.82074737548828
2021-06-01,133.7500762939453,100.70735168457031,68.75276947021484,33.709999084472656,102.34532928466797,216.82667541503906,19.95439910888672,344.8269348144531,127.61709594726562,402.0771789550781,386.4767761230469,142.21266174316406,208.93458557128906,47.194400787353516
2021-07-01,142.44146728515625,101.8425521850586,70.23188781738281,34.560001373291016,104.384765625,209.27557373046875,19.456575393676758,355.1037292480469,128.05508422851562,413.24041748046875,400.1020202636719,147.40345764160156,213.21493530273438,44.646636962890625
2021-08-01,148.2715606689453,101.63020324707031,71.24793243408203,34.529998779296875,103.97521209716797,213.8861846923828,22.336294174194336,370.08428955078125,131.79736328125,425.53839111328125,414.14697265625,149.8675537109375,219.3097381591797,45.625
2021-09-01,138.3906707763672,100.69757080078125,68.92425537109375,33.40999984741211,102.31086730957031,207.09811401367188,20.674564361572266,348.665283203125,124.71184539794922,404.4104309082031,389.5027770996094,141.75538635253906,208.86013793945312,43.685733795166016
2021-10-01,146.50828552246094,100.67582702636719,71.11541748046875,33.93000030517578,101.85648345947266,216.55679321289062,25.515865325927734,376.50128173828125,133.1648406982422,434.1717834472656,422.33148193359375,152.2569122314453,223.53079223632812,44.66415786743164
2021-11-01,161.667724609375,100.94819641113281,67.89053344726562,33.68000030517578,102.96762084960938,207.17471313476562,32.61064147949219,384.01947021484375,148.3772735595703,430.6833190917969,435.4927673339844,150.16195678710938,220.2661895751953,43.36812973022461
2021-12-01,173.92152404785156,100.49906921386719,69.51622009277344,34.810001373291016,102.3285903930664,211.23902893066406,29.352176666259766,387.9491271972656,150.2703094482422,449.02386474609375,445.6873474121094,159.20933532714844,227.804931640625,43.60617446899414
2022-01-01,171.1888885498047,98.73078918457031,68.29537963867188,34.220001220703125,100.33458709716797,191.67849731445312,24.440021514892578,354.46734619140625,134.73907470703125,426.8361511230469,411.493896484375,151.46449279785156,214.76771545410156,44.22306823730469
2022-02-01,161.7273406982422,97.45912170410156,65.95340728759766,36.310001373291016,99.93350982666016,193.65965270996094,24.33921241760254,338.6014709472656,131.1920166015625,414.2371520996094,393.6117248535156,147.2178497314453,209.4271697998047,42.57594680786133
2022-03-01,171.24026489257812,94.71660614013672,66.29570770263672,36.83000183105469,95.88092803955078,195.51698303222656,27.234764099121094,353.9694519042969,131.99440002441406,428.4774475097656,405.8611755371094,151.01748657226562,215.58206176757812,41.0712776184082
2022-04-01,154.60755920410156,91.1086196899414,61.827945709228516,36.040000915527344,91.8061294555664,176.50869750976562,18.51532745361328,306.2227478027344,112.45379638671875,392.08465576171875,358.43597412109375,143.90533447265625,196.5068359375,38.788047790527344
2022-05-01,145.96755981445312,91.77713775634766,63.061988830566406,34.869998931884766,92.36553192138672,176.852294921875,18.640117645263672,301.36419677734375,119.66043853759766,392.9696960449219,352.4815979003906,143.80245971679688,196.01287841796875,38.96662521362305
2022-06-01,134.27850341796875,90.348388671875,56.28830337524414,34.310001373291016,91.56499481201172,161.6302490234375,15.133113861083984,273.9923400878906,99.67462158203125,359.0144958496094,318.7562255859375,134.18756103515625,179.16236877441406,37.18974304199219
2022-07-01,159.60792541503906,92.63858795166016,60.50737380981445,33.45000076293945,94.2514877319336,179.17471313476562,18.135814666748047,308.9759521484375,116.03020477294922,393.76873779296875,362.02471923828125,144.02874755859375,196.6914825439453,37.16948318481445
2022-08-01,154.41238403320312,89.81193542480469,56.80623245239258,32.459999084472656,90.59793090820312,175.58639526367188,15.071410179138184,293.1187438964844,104.97808837890625,377.7022705078125,341.56671142578125,139.05609130859375,189.35787963867188,36.99856185913086
2022-09-01,135.92062377929688,86.08026123046875,51.56753158569336,31.530000686645508,86.30607604980469,157.80770874023438,12.120831489562988,261.76666259765625,90.5697021484375,341.3829040527344,300.5822448730469,127.05208587646484,171.15257263183594,32.82464599609375
2022-10-01,150.8108673095703,84.96569061279297,54.605796813964844,30.979999542236328,85.03626251220703,176.33116149902344,13.480804443359375,272.7261962890625,92.57562255859375,370.645263671875,323.684814453125,140.39370727539062,185.82342529296875,32.32009506225586
2022-11-01,145.5884552001953,88.19400024414062,61.79633712768555,33.599998474121094,88.09015655517578,180.21694946289062,16.902694702148438,287.8465576171875,111.41658782958984,391.25,341.07476806640625,149.86854553222656,195.42913818359375,36.94246292114258
2022-12-01,127.99898529052734,87.2260513305664,60.43372344970703,34.59000015258789,86.62488555908203,167.70361328125,14.600197792053223,261.27557373046875,99.28811645507812,367.0176086425781,313.107666015625,143.4449462890625,183.103515625,35.53843307495117
2023-01-01,142.14553833007812,90.54387664794922,66.13909912109375,36.59000015258789,90.0806884765625,185.019775390625,19.518550872802734,289.7749938964844,117.3197250366211,391.8897399902344,344.3387451171875,148.46417236328125,196.72740173339844,39.13039016723633
2023-02-01,145.21920776367188,87.91484069824219,64.10546875,34.619998931884766,86.94815063476562,181.8311004638672,23.194072723388672,288.73248291015625,118.4577865600586,382.0365905761719,346.0487365722656,144.39768981933594,192.00241088867188,36.52663803100586
2023-03-01,162.69728088378906,90.24049377441406,66.11136627197266,37.369998931884766,90.19171142578125,172.3810577392578,27.75076675415039,315.65228271484375,130.22933959960938,394.6952819824219,378.8236999511719,146.32643127441406,196.4098358154297,37.4347038269043
2023-04-01,167.41343688964844,90.74849700927734,68.05255126953125,37.709999084472656,90.93287658691406,169.9136962890625,27.727500915527344,317.7466125488281,122.34204864501953,402.53094482421875,378.51837158203125,150.46609497070312,199.32574462890625,37.31342315673828
2023-05-01,174.88230895996094,89.7134780883789,65.32563018798828,37.20000076293945,89.58734893798828,168.52685546875,37.804683685302734,342.7971496582031,142.83218383789062,404.38916015625,410.5440979003906,146.3408203125,200.17596435546875,36.209964752197266
2023-06-01,191.6436767578125,89.371826171875,67.01725006103516,36.38999938964844,88.46549987792969,181.61952209472656,42.269222259521484,363.9073486328125,150.66998291015625,428.9998474121094,435.43988037109375,155.10696411132812,212.8331298828125,37.721412658691406
2023-07-01,194.09393310546875,89.3593521118164,70.0907211303711,37.20000076293945,87.88583374023438,193.24803161621094,46.697628021240234,378.4730224609375,158.953125,444.68817138671875,448.5946960449219,159.5240020751953,221.47219848632812,40.154930114746094
2023-08-01,185.61683654785156,88.78546142578125,67.33264923095703,36.75,87.23247528076172,183.42562866210938,49.32186508178711,372.8602294921875,154.59878540039062,437.4610900878906,438.8004150390625,156.50146484375,217.19500732421875,37.78684616088867
2023-09-01,169.3850860595703,86.48861694335938,64.87580871582031,34.9900016784668,84.49224090576172,171.8819122314453,43.46979904174805,353.4078674316406,143.47543334960938,415.24566650390625,409.2300720214844,149.09378051757812,206.01226806640625,36.556190490722656
2023-10-01,168.94973754882812,85.12616729736328,62.9931640625,37.59000015258789,82.8587646484375,160.7487335205078,40.755977630615234,346.6092834472656,137.5080108642578,407.6641845703125,403.0918884277344,147.635009765625,201.2965850830078,35.66066360473633
2023-11-01,187.92532348632812,89.01203918457031,68.17041778564453,38.540000915527344,86.61779022216797,175.54168701171875,46.742454528808594,384.10833740234375,158.8145751953125,444.90179443359375,456.69580078125,158.65699768066406,220.24937438964844,38.18906021118164
2023-12-01,190.72874450683594,92.0531234741211,70.9284896850586,39.029998779296875,89.63020324707031,196.10916137695312,49.49283218383789,404.5470886230469,173.0552520751953,463.33538818359375,478.41217041015625,164.3174591064453,230.91822814941406,38.63082504272461
2024-01-01,182.67483520507812,92.44129943847656,71.49415588378906,38.4900016784668,90.20121002197266,189.1495819091797,61.49616622924805,412.94647216796875,185.04981994628906,472.6230773925781,489.0121154785156,167.24105834960938,234.49977111816406,38.060142517089844
2024-02-01,179.05897521972656,90.8088607788086,73.62915802001953,38.650001525878906,88.10655975341797,199.7897491455078,79.07234954833984,434.7638854980469,211.01473999023438,497.2878112792969,512.6552124023438,172.95181274414062,246.9252471923828,39.38513946533203
2024-03-01,170.0924530029297,91.6301498413086,76.11682891845703,42.0099983215332,88.73512268066406,206.232666015625,90.31071472167969,439.7255859375,223.99720764160156,511.95941162109375,519.140380859375,177.0531005859375,254.0813446044922,40.105247497558594
2024-04-01,168.95176696777344,89.35725402832031,73.64822387695312,43.29999923706055,85.93437194824219,192.5989990234375,86.36275482177734,421.0489501953125,213.14529418945312,492.84393310546875,490.9931640625,170.4589385986328,243.8982391357422,40.527156829833984
2024-05-01,190.6944122314453,90.836669921875,77.37495422363281,43.9900016784668,87.47708892822266,202.30270385742188,109.58319854736328,446.95111083984375,239.41883850097656,517.7717895507812,530.5719604492188,176.13536071777344,255.50405883789062,41.401710510253906
2024-06-01,209.19912719726562,91.63815307617188,74.65853881835938,43.93000030517578,88.54078674316406,199.47122192382812,123.48387908935547,475.1142578125,259.54962158203125,534.3151245117188,572.23486328125,177.74191284179688,262.4400634765625,42.05521011352539
2024-07-01,220.5818328857422,93.85768127441406,77.93013000488281,46.29999923706055,91.09969329833984,220.70223999023438,116.9764404296875,467.8837890625,245.90013122558594,542.5298461914062,564.4644775390625,185.7000732421875,268.3525085449219,42.72865295410156
2024-08-01,227.4551239013672,95.23255920410156,80.47090911865234,47.279998779296875,92.32892608642578,216.9755401611328,119.32557678222656,473.0486755371094,242.3856964111328,555.2064208984375,570.3871459960938,191.86427307128906,274.0726318359375,43.14349365234375
2024-09-01,231.696044921875,96.49749755859375,81.10125732421875,49.70000076293945,93.60924530029297,217.7741241455078,121.39480590820312,484.7688293457031,244.36691284179688,565.1348266601562,582.85888671875,193.7918243408203,278.7786560058594,46.163150787353516
2024-10-01,224.64572143554688,94.0745620727539,76.8246078491211,51.84000015258789,90.44306945800781,215.4208526611328,132.72193908691406,481.2527160644531,240.61354064941406,561.809814453125,579.5656127929688,190.80943298339844,277.53515625,45.06112289428711
2024-11-01,236.00180053710938,95.10846710205078,76.58216094970703,50.25,91.35045623779297,239.27188110351562,138.2103729248047,507.00372314453125,241.0615692138672,595.3125,619.3280029296875,201.1168212890625,296.1309814453125,44.09352493286133
2024-12-01,249.29251098632812,93.1968765258789,73.32376098632812,49.5099983215332,88.99591064453125,218.5865020751953,134.2515106201172,508.4857177734375,241.10137939453125,579.0403442382812,618.880126953125,192.42088317871094,286.20599365234375,42.613101959228516
2025-01-01,234.9374237060547,94.27731323242188,77.89105987548828,52.869998931884766,90.11628723144531,224.71241760253906,120.04385375976562,520.323974609375,243.6199951171875,596.5924682617188,614.4558715820312,199.58575439453125,295.83587646484375,43.99864196777344
2025-02-01,240.7511444091797,96.06798553466797,80.19123077392578,53.869998931884766,92.34449768066406,212.97474670410156,124.89279174804688,506.2571716308594,232.77000427246094,589.018798828125,596.3892211914062,200.48390197753906,290.248046875,44.32565689086914
2025-03-01,221.37301635742188,96.06614685058594,80.33867645263672,58.959999084472656,92.68788146972656,197.9330596923828,108.35639953613281,467.15496826171875,211.47000122070312,554.531005859375,540.4851684570312,191.4629669189453,272.2957763671875,44.850868225097656
2025-04-01,211.7758331298828,96.45870971679688,83.30726623535156,62.16999816894531,93.63835144042969,193.77304077148438,108.90629577636719,474.38665771484375,211.27999877929688,551.3768310546875,548.22509765625,189.4501190185547,271.2447509765625,44.88658142089844
2025-05-01,200.16554260253906,95.87751770019531,87.29814910888672,62.15999984741211,92.4710693359375,203.9261016845703,135.11300659179688,517.92724609375,239.75,586.0280151367188,605.0181884765625,196.2930450439453,288.2062683105469,46.622528076171875
2025-06-01,204.7389373779297,97.2679214477539,87.86827087402344,62.36000061035156,93.95053100585938,214.5863037109375,157.97012329101562,550.3831176757812,278.8800048828125,614.32568359375,661.8013305664062,202.97731018066406,302.1751403808594,49.062767028808594
2025-07-01,207.1339111328125,97.01866149902344,87.5199966430664,62.0099983215332,93.40323638916016,218.7694549560547,177.85997009277344,564.3557739257812,288.7799987792969,630.3324584960938,689.6742553710938,205.2324981689453,310.0281677246094,49.54306411743164
2025-08-01,231.6522674560547,98.16067504882812,91.4800033569336,65.0999984741211,94.93388366699219,234.50482177734375,174.170166015625,569.7395629882812,290.2900085449219,643.2666015625,696.216796875,210.07298278808594,317.3179016113281,51.264137268066406
2025-09-01,254.38340759277344,99.27254486083984,93.37000274658203,72.7699966430664,95.55107879638672,241.275634765625,186.56948852539062,599.6748046875,326.3599853515625,664.338134765625,745.7695922851562,214.9234161376953,327.2602844238281,53.90046691894531
2025-10-01,270.108154296875,99.88811492919922,94.48999786376953,75.38999938964844,96.25173950195312,246.22999572753906,202.49000549316406,629.0700073242188,363.0199890136719,682.0599975585938,793.2100219726562,217.05999755859375,335.4200134277344,54.970001220703125
2025-11-01,278.5799560546875,100.4920883178711,95.19000244140625,79.41000366210938,97.19395446777344,248.75,177.0,619.25,352.2799987792969,683.3900146484375,752.2000122070312,222.6699981689453,336.30999755859375,54.29999923706055
